{
    "type": [
        "type.keyword"
    ],
    "theme": [
        "topicCategory.keyword"
    ],
    "org": [
        "contact.organisation.en.keyword",
        "contact.organisation.fr.keyword"
    ],
    "foundational": [
        "contact.keywords.en.keyword",
        "contact.keywords.fr.keyword"
    ],
    "source_system": [
        "systemName.keyword"
    ],
    "eo_collection": [
        "eoCollection.keyword"
    ],
    "polarization": [
        "eoFilters.polarizations.keyword"
    ],
    "orbit_direction": [
        "eoFilters.orbitState.keyword"
    ],
    "begin": [
        "temporalExtent.begin"
    ],
    "end": [
        "temporalExtent.end"
    ],
    "bbox": [
        "coordinates"
    ]
}
